CREATE DATABASE  IF NOT EXISTS `chmr_db` /*!40100 DEFAULT CHARACTER SET utf8mb4 */;
USE `chmr_db`;
-- MariaDB dump 10.18  Distrib 10.4.17-MariaDB, for Win64 (AMD64)
--
-- Host: 127.0.0.1    Database: chmr_db
-- ------------------------------------------------------
-- Server version	10.4.17-MariaDB

/*!40101 SET @OLD_CHARACTER_SET_CLIENT=@@CHARACTER_SET_CLIENT */;
/*!40101 SET @OLD_CHARACTER_SET_RESULTS=@@CHARACTER_SET_RESULTS */;
/*!40101 SET @OLD_COLLATION_CONNECTION=@@COLLATION_CONNECTION */;
/*!40101 SET NAMES utf8 */;
/*!40103 SET @OLD_TIME_ZONE=@@TIME_ZONE */;
/*!40103 SET TIME_ZONE='+00:00' */;
/*!40014 SET @OLD_UNIQUE_CHECKS=@@UNIQUE_CHECKS, UNIQUE_CHECKS=0 */;
/*!40014 SET @OLD_FOREIGN_KEY_CHECKS=@@FOREIGN_KEY_CHECKS, FOREIGN_KEY_CHECKS=0 */;
/*!40101 SET @OLD_SQL_MODE=@@SQL_MODE, SQL_MODE='NO_AUTO_VALUE_ON_ZERO' */;
/*!40111 SET @OLD_SQL_NOTES=@@SQL_NOTES, SQL_NOTES=0 */;

--
-- Table structure for table `categories`
--

DROP TABLE IF EXISTS `categories`;
/*!40101 SET @saved_cs_client     = @@character_set_client */;
/*!40101 SET character_set_client = utf8 */;
CREATE TABLE `categories` (
  `id` int(10) unsigned NOT NULL AUTO_INCREMENT,
  `category` varchar(15) NOT NULL,
  PRIMARY KEY (`id`)
) ENGINE=InnoDB AUTO_INCREMENT=51 DEFAULT CHARSET=utf8mb4;
/*!40101 SET character_set_client = @saved_cs_client */;

--
-- Dumping data for table `categories`
--

LOCK TABLES `categories` WRITE;
/*!40000 ALTER TABLE `categories` DISABLE KEYS */;
INSERT INTO `categories` VALUES (1,'Memorias'),(2,'Procesadores'),(3,'Discos'),(4,'Motherboards'),(6,'Placasdevideo'),(7,'Gabinetes'),(8,'Fuentes'),(9,'Notebooks'),(10,'Memoriasram'),(11,'Placasdevideo'),(12,'Discosrigidos'),(13,'Mouse'),(14,'Teclado'),(15,'Auriculares'),(16,'Parlantes'),(17,'Sillasgamer'),(18,'Monitores');
/*!40000 ALTER TABLE `categories` ENABLE KEYS */;
UNLOCK TABLES;

--
-- Table structure for table `groups`
--

DROP TABLE IF EXISTS `groups`;
/*!40101 SET @saved_cs_client     = @@character_set_client */;
/*!40101 SET character_set_client = utf8 */;
CREATE TABLE `groups` (
  `id` int(11) NOT NULL,
  `group` varchar(45) NOT NULL,
  PRIMARY KEY (`id`)
) ENGINE=InnoDB DEFAULT CHARSET=utf8mb4 COMMENT='				';
/*!40101 SET character_set_client = @saved_cs_client */;

--
-- Dumping data for table `groups`
--

LOCK TABLES `groups` WRITE;
/*!40000 ALTER TABLE `groups` DISABLE KEYS */;
INSERT INTO `groups` VALUES (1,'admin'),(2,'user');
/*!40000 ALTER TABLE `groups` ENABLE KEYS */;
UNLOCK TABLES;

--
-- Table structure for table `products`
--

DROP TABLE IF EXISTS `products`;
/*!40101 SET @saved_cs_client     = @@character_set_client */;
/*!40101 SET character_set_client = utf8 */;
CREATE TABLE `products` (
  `id` int(11) NOT NULL AUTO_INCREMENT,
  `name` varchar(45) NOT NULL,
  `description` varchar(2000) DEFAULT NULL,
  `price` float NOT NULL,
  `category_id` int(10) unsigned DEFAULT NULL,
  `img` varchar(200) NOT NULL,
  PRIMARY KEY (`id`),
  KEY `fk_products_catergorys_idx` (`category_id`),
  CONSTRAINT `fk_products_catergories` FOREIGN KEY (`category_id`) REFERENCES `categories` (`id`)
) ENGINE=InnoDB AUTO_INCREMENT=180 DEFAULT CHARSET=utf8mb4 COMMENT='				';
/*!40101 SET character_set_client = @saved_cs_client */;

--
-- Dumping data for table `products`
--

LOCK TABLES `products` WRITE;
/*!40000 ALTER TABLE `products` DISABLE KEYS */;
INSERT INTO `products` VALUES (9,'GeForce GTX 1660 6Gb Asus Super Phoenix','GDDR6 ultra rápido con más del 50% más de ancho de banda de memoria para juegos de alta velocidad.\nExperiencia GeForce: Capture y comparta videos, capturas de pantalla y transmisiones en vivo con amigos. Mantenga sus controladores actualizados y optimice la configuración del juego. GeForce Experience le permite hacerlo todo, convirtiéndolo en el compañero esencial de su tarjeta gráfica GeForce.\nTransmisión: La serie GeForce GTX® 16 SUPER ™ presenta un codificador de hardware dedicado que desbloquea la capacidad de jugar y transmitir simultáneamente con una calidad superior y un rendimiento optimizado.\nEl diseño del ventilador Wing-Blade incorpora puntas caídas en cada pala para reducir el arrastre.\nLa resistencia al polvo IP5X ofrece protección contra la entrada de partículas para una mejor durabilidad.\nLos ventiladores de doble rodamientos durar hasta dos veces más que los diseños de rodamientos de manga.\nLa tecnología Auto-Extreme utiliza la automatización para mejorar la confiabilidad.\nGPU Tweak II proporciona ajustes intuitivos de rendimiento, controles térmicos y monitoreo del sistema.',130000,6,'img-1617646687815.jpeg'),(10,'Alienware Aurora R8','9th Generation Intel Core i7 9700 (8-Core, 12',330000,7,'img-1617679570947.jpg'),(15,'Intel Core I9 10TH GEN','Ejecuta con rapidez y eficiencia cualquier tipo de programa sin afectar el funcionamiento total del dispositivo.\nMemoria caché de 20 MB, rápida y volátil.\nProcesador gráfico Intel UHD Graphics 630.\nSoporta memoria RAM DDR4.\nSu potencia es de 65 W.\nCuenta con Hyper-Threading que favorece la ejecución de programas en simultáneo, al dividir el procesador físico en dos procesadores lógicos.\nIncluye air cooler.\nProducto en empaque original.\nProcesador avanzado de alto desempeño y marca líder en el rubro.',40000,2,'img-1617661984888.jpg'),(17,'HP 34f 34” Curved','34-inch curved monitor ULTRA-WIDE QHD - Sharp',200000,18,'img-1617644011405.jpg'),(22,'HyperX Predator DDR4 RGB','DOMINATOR PLATINUM RGB\nMemory Type\n \nDDR4\nMemory Size\n \n16GB Kit (2 x 8GB)\nTested Latency\n \n19-23-23-45\nTested Voltage\n \n1.35V\nTested Speed\n \n4000MHz\n \n \n \nLED Lighting\n \nRGB\nSingle Zone / Multi-Zone Lighting\n \nIndividually Addressable\nSPD Latency\n \n15-15-15-36\nSPD Speed\n \n2133MHz\nSPD Voltage\n \n1.2V\nSpeed Rating\n \nPC4-32000 (4000MHz)\nCompatibility\n \nIntel 300 Series,Intel 400 Series,Intel 400 Series,AMD X570\nHeat Spreader\n \nAnodized Aluminum\nPackage Memory Format\n \nDIMM\nPerformance Profile\n \nXMP 2.0',120000,1,'img-1617667593123.jpg'),(52,'Intel® Core™ de 10ᵐᵃ Generación','Ejecuta programas de edición de videos, creación de contenido, streaming y videojuegos sin afectar el rendimiento del dispositivo.\nMemoria caché de 12 MB, rápida y volátil.\nProcesador gráfico Intel UHD Graphics 630.\nSoporta memoria RAM DDR4.\nSu potencia es de 65 W.\nCuenta con Hyper-Threading que favorece la ejecución de programas en simultáneo, al dividir el procesador físico en dos procesadores lógicos.\nIncluye air cooler.\nProducto en empaque original.\nProcesador avanzado de alto desempeño y marca líder en el rubro.',20000,2,'img-1617661857204.jpg'),(65,'GeForce RTX 3080 10Gb Msi Gaming X Trio','Marca : MSIModelo : GeForce RTX 3080 GAMING X',422000,11,'img-1617653165760.jpeg'),(66,'AURICULAR SA818 1095PCS BLACK YELLOW','Diámetro del altavoz: 1.969 in (NdFeB)  Rango',90000,15,'img-1617599443680.jpg'),(69,'Intel Core I3 10TH GEN','Producto eficiente y de rendimiento estándar en programas de edición de video, contenido y juegos.\nMemoria caché de 6 MB, rápida y volátil.\nProcesador gráfico Intel UHD Graphics 630.\nSoporta memoria RAM DDR4.\nSu potencia es de 65 W.\nCuenta con Hyper-Threading que favorece la ejecución de programas en simultáneo, al dividir el procesador físico en dos procesadores lógicos.\nIncluye air cooler.\nProducto en empaque original.\nProcesador avanzado de alto desempeño y marca líder en el rubro.',100000,2,'img-1617574499086.jpg'),(70,'HyperX Cloud Stinger Wireless','- Gaming-grade wireless - Signature HyperX co',37000,15,'img-1617598912664.jpg'),(71,'Razer RZ04-02050600-R3M1','Headphones: ● Frequency response: 12 Hz - 28 ',60000,15,'image-1617598960560.jpg'),(72,'Acer NHW820','- High-quality audio with powerful bass - Fle',58000,15,'image-1617599662996.jpg'),(73,'Turtle Beach Recon 70','- Flip-Up Mic - Turtle Beach\'s renowned high-',45000,15,'image-1617599770241.jpg'),(74,'HyperX Cloud II ','- USB Audio Sound Card with 7.1 Virtual Surro',120000,15,'image-1617599856025.jpg'),(75,'HyperX Cloud Stinger Core – Wireless','- Gaming-grade wireless: Provides freedom fro',140000,15,'image-1617599995753.jpg'),(76,'CORSAIR Void PRO RGB Wireless','- Compatibility : PC with USB port and OS com',123000,15,'image-1617600143081.jpg'),(77,'Razer RZ04-02830300-R3M1','- Sound Built for Gaming: Outfitted with cust',89000,15,'image-1617600232628.jpg'),(78,'Razer BlackWidow X Chroma: Esports','- Multi-Award winning Razer Mechanical Switch',45000,14,'image-1617600536023.jpg'),(79,'SteelSeries Apex 7 Mechanical','- Linear Red switches - guaranteed for 50 mil',20000,14,'image-1617600709662.jpg'),(80,'G710 Mechanical','- Logitech rebrands \'G710 Blue\' as \'G710+ Blu',50000,14,'image-1617600886427.jpg'),(81,'G915 LIGHTSYNC RGB','El G915 dispone de tecnología inalámbrica LIG',38000,14,'image-1617601137949.jpg'),(82,'ASUS ROG Strix Scope TKL Electro Punk Mechani','- ASUS ROG Strix Scope TKL Electro Punk Editi',120000,14,'image-1617601266160.jpg'),(83,'CORSAIR K70 RGB MK.2 SE Mechanical RAPIDFIRE','- Get the RAPIDFIRE advantage CHERRY MX Speed',180000,18,'img-1617601687054.jpg'),(84,'Dell P2219H 21.5\" 16:9 Ultrathin Bezel IPS','- 2 x Dell P2219H 21.5\" 16:9 Ultrathin Bezel ',170000,18,'image-1617601776279.jpg'),(85,'ASUS ProArt PA328Q 32\"','- Professional-grade 32-inch 4K/UHD display w',190000,18,'image-1617601948182.jpg'),(86,'HP 34f 34” Curved','- CURVED ADVANTAGE - Stream, create and play ',147888,18,'image-1617602179354.jpg'),(87,'BenQ ZOWIE XL2540 24.5 inch 240Hz','- Lightning-fast 240 Hz refresh rate performa',150000,18,'image-1617602251944.jpg'),(88,'ViewSonic VP3481 34\" UWQHD 100Hz Curved ','- CURVED DESIGN: Immersive 21:9 curved viewin',120000,18,'image-1617602328867.jpg'),(89,'AORUS FI25F 25\" 240Hz 1080P FreeSync Premium ','- 25 Inch 1920 X1080 AUO Panel - Silky Smooth',180000,18,'image-1617602414799.jpg'),(90,'MSI Aegis RS 10SD-014US','- System: Intel Core i7-10700KF Processor | I',330000,7,'image-1617602537407.jpg'),(91,'Acer Predator Orion 3000 Desktop','- 9th Generation Intel Core i7-9700k 8-Core P',238000,7,'image-1617602621134.jpg'),(92,'Asus ROG Strix GL12 Gaming Desktop','- New NVIDIA GeForce RTX 2080 8GB GDDR6 Graph',346000,7,'image-1617602700576.jpg'),(93,'CyberpowerPC Gamer Supreme Liquid Cool Gaming','- System: Intel Core i7-9700k 3. 6GHz 8-Core:',123000,7,'image-1617602766468.jpg'),(94,'Alienware Aurora R8 Features','- Alienware Aurora R8 - 9th Generation Intel ',670000,7,'image-1617602887660.jpg'),(95,'Alienware Aurora R9 Gaming Desktop ','- 9th Gen Intel Core i7 9700 (8-Core, 12MB Ca',1200000,7,'image-1617602974495.jpg'),(96,'2019 Dell Alien.Ware Gaming Desktop','- 8th Gen Intel Core i7 8700 (6-Core, 12MB Ca',400000,7,'image-1617645940463.jpg'),(97,'New Alienware Aurora R10 Gaming Desktop','- The new Alienware Aurora Ryzen Edition desk',980000,7,'image-1617646057782.jpg'),(98,'Dell G5 5090 Premium 2020 Gaming Desktop Comp','- 【We have professional modified/upgraded, if',275000,7,'image-1617646153934.jpg'),(99,'2019 Dell Inspiron Gaming Desktop Computer','- Powered by the 2nd Generation AMD Ryzen 7 2',335000,7,'image-1617646267641.jpg'),(100,'Placa De Video Gt 210 1gb Lp Ddr3 Msi','Marca : MsiModelo : N210-MD1G/D3PN : 912-V809',5000,6,'image-1617646562009.png'),(101,'GeForce GT 730 4Gb Msi','Marca : MSIModelo : N730-4GD3V2P/N : N730-4GD',16000,6,'image-1617646772364.jpeg'),(102,' GeForce GT 1030 2Gb Msi','Marca : MSIModelo : GeForce GT 1030 2GD4 LP O',18000,6,'image-1617646853956.jpeg'),(103,'GeForce GTX 1650 4Gb Msi Ventus Xs DDR6','Marca : MSIModelo : GeForce GTX 1650 D6 VENTU',67000,6,'image-1617646958443.jpeg'),(104,'GeForce GTX 1650 4Gb Super Msi Gaming X','Marca : MSIModelo : Geforce GTX 1650 SUPER GA',79000,6,'image-1617647021360.jpeg'),(105,' GeForce GTX 1660 6Gb Asus Super Phoenix','Marca : AsusModelo : PH-GTX1660S-O6GPN : 90YV',125000,6,'image-1617647082642.jpeg'),(106,' GeForce GTX 1660 6Gb Super Asus Tuf Gaming O','Marca : ASUSModelo : NVIDIA GeForce GTX 1660 ',154000,6,'image-1617647146422.jpeg'),(107,'GeForce Gtx 1660 6Gb Gigabyte Super Mini Itx ','Marca : GigabyteModelo : GeForce GTX 1660 SUP',143000,6,'image-1617647199031.jpeg'),(108,'GeForce GTX 1660 6Gb Gainward Ghost Super Oc','Marca : GainwardModelo : GeForce GTX 1660 SUP',150000,6,'image-1617647283528.jpeg'),(109,' GeForce GTX 1660 Ti 6Gb Asus Dual Evo Oc','Marca : ASUSModelo : NVIDIA GeForce GTX 1660 ',129000,6,'image-1617647356647.jpeg'),(110,'GeForce RTX 3060 12Gb Evga XC Gaming','Marca : EVGAModelo : EVGA GeForce RTX 3060 XC',315000,6,'image-1617647406548.jpeg'),(111,'GeForce RTX 3060 12Gb Asus Tuf Gaming Oc','Marca : ASUSModelo : ASUS TUF Gaming GeForce ',340000,6,'image-1617647453250.jpeg'),(112,'GeForce RTX 3060 12Gb Gaindward Ghost Oc','Marca : GainwardModelo : GeForce RTX 3060 Gho',223000,6,'image-1617647645767.jpeg'),(113,'GeForce RTX 3060 12Gb Msi Ventus 2x Oc','Marca : MSIModelo : GeForce RTX 3060 VENTUS 2',241000,6,'image-1617647719009.jpeg'),(114,'GeForce RTX 3070 8Gb Gainward Phoenix','Marca : GainwardModelo : GeForce RTX 3070 Pho',322000,6,'image-1617647779855.jpeg'),(115,'GeForce RTX 3060 12Gb Msi Gaming X','Marca : MSIModelo : GeForce RTX 3060 GAMING X',253000,6,'image-1617647874268.jpeg'),(116,'GeForce RTX 3070 8Gb Gainward Phantom','Marca : GainwardModelo : GeForce RTX 3070 Pha',340000,6,'image-1617650089742.jpeg'),(117,'GeForce RTX 3070 8Gb Gigabyte Gaming Oc','Marca : GigabyteModelo : GeForce RTX 3070 GAM',261000,6,'image-1617651520103.jpeg'),(118,'GeForce RTX 3070 8Gb Gainward Phantom GS','Marca : GainwardModelo : GeForce RTX 3070 Pha',349000,6,'image-1617652537113.jpeg'),(119,'GeForce RTX 3080 10Gb Msi Ventus 3X Oc','Marca : MSIModelo : Geforce RTX 3080 Ventus 3',402000,6,'image-1617652677571.jpeg'),(120,'GeForce RTX 3080 10Gb Asus Tuf Gaming Oc','Marca : ASUSModelo : TUF Gaming GeForce RTX 3',429000,6,'image-1617653250450.jpeg'),(121,'GeForce RTX 3070 8Gb Asus Rog Strix Gaming Oc','Marca : ASUSModelo : ROG Strix GeForce RTX 30',450000,6,'image-1617653354239.jpeg'),(122,'Notebook Asus 15,6\" Core i5-1035G1 8GB RAM 1T','Windows 10 Home - ASUS recommends Windows 10 ',130000,9,'img-1617664283517.jpg'),(123,'ZenBook-Pro-Duo-UX581','Windows 10 Home - ASUS recommends Windows 10 ',300000,9,'img-1617664396765.jpg'),(124,'ZenBook-Pro-Duo-15-OLED-UX582','Windows 10 Home - ASUS recommends Windows 10 ',380000,9,'img-1617745404855.jpg'),(125,'Lenovo LEGION 7i','Windows 10 Home - ASUS recommends Windows 10 ',400000,9,'img-1617664689236.jpg'),(126,'AMD RYZEN 3 2200','Plataforma: AMD\nCapacidad máxima soportada de la memoria RAM: 64 GB\nChipset: A320M\nSocket: AM4\nRanuras de expansión: 2\nCon procesador: Sí\nCPU: AMD RYZEN 3 3200G\nAplicaciones: PC\nTipo de memoria RAM: DDR4\nMedidas: 40 \" x 30 \" x 30 \"',12000,2,'image-1617662097121.jpg'),(127,'AMD Ryzen 5 3600','Es ideal para jugadores y creadores de contenido que requieran un instrumento de gran ejecución.\nMemoria caché de 32 MB, rápida y volátil.\nSoporta memoria RAM DDR4.\nSu potencia es de 95 W.\nCuenta con 12 hilos que favorecen la ejecución de múltiples programas a la vez.\nIncluye air cooler.\nProducto en empaque original.\nProcesador innovador desarrollado bajo altos estándares de calidad.',35000,2,'image-1617662181445.jpg'),(128,'AMD Ryzen 9 3900XT','Es ideal para jugadores y creadores de contenido que requieran un instrumento de gran ejecución.\nMemoria caché de 64 MB, rápida y volátil.\nSoporta memoria RAM DDR4.\nSu potencia es de 105 W.\nCuenta con 24 hilos que favorecen la ejecución de múltiples programas a la vez.\nProducto en empaque original.\nProcesador innovador desarrollado bajo altos estándares de calidad.',70000,2,'image-1617662245820.jpg'),(129,'TECLADO GX GENIUS SCORPION K220','Especificaciones Retroiluminación del teclado',24000,14,'image-1617663110978.jpg'),(130,'TECLADO GAMER PATRIOT VIPER V765 RGB MECANICO','• Interruptores de caja mecánica Kailh para u',17000,14,'image-1617663278665.jpg'),(131,'TECLADO GAMER PATRIOT VIPER V765 RGB MECANICO','• Interruptores de caja mecánica Kailh para u',17000,14,'image-1617663297471.jpg'),(132,'TECLADO LOGITECH G413 CARBON GAMER MECANICO','ESPECIFICACIONES NÚMERO DE REFERENCIA Carbon,',25000,14,'image-1617663386134.jpg'),(133,'Teclado Logitech G915 TKL White Mech RGB Wifi','Interruptores de teclas Logitech GL Táctil de',28000,14,'image-1617663565573.jpg'),(134,'NOTEBOOK DELL LATITUDE 7400 INTEL I5-8365U 8G','DESEMPEÑO Apilable: Si Nivel de ruido: 46,9 d',126000,9,'image-1617664470965.jpg'),(135,'NOTEBOOK LENOVO 13.3 THINKBOOK I5-8265U 8GB S','Procesador 8va generación Intel® Core¿ i5-826',256000,9,'image-1617664520827.jpg'),(136,'NOTEBOOK ASUS 14 RYZEN 5-4500U 8GB 512GB W10H','Pantalla 14 FHD Anti-Glare Procesador AMD Ryz',335000,9,'image-1617664567471.jpg'),(137,'NOTEBOOK MSI GF63 THIN 9SCXR I5 8GB 1650 FHD ','Especificaciones:  Marca: MSI Modelo: GF63 Th',320000,9,'image-1617664807159.jpg'),(138,'NOTEBOOK GAMER LEGION I5','Resolución de la pantalla: 1920x1080 Tamaño d',150000,9,'image-1617664857541.jpg'),(139,'NOTEBOOK MSI PRESTIGE 15 A11SCX I7 16GB 1650 ','Marca MSI Modelo PRESTIGE 15 A11SCX Procesado',333000,9,'image-1617664947646.jpg'),(140,'NOTEBOOK MSI BRAVO 15 A4DDR R7 8GB RX5500 FHD','ALMACENAMIENTO Capacidad: SSD 512Gb NVME Inte',400000,9,'image-1617664999369.jpg'),(141,'HyperX Impact DDR4 SODIMM','Tipo de memoria\n\nDDR4\nCapacidad total	8GB\nVelocidad de acceso	3600MHz\nKit	Individual\nColor	Negro',120000,1,'image-1617667672016.jpg'),(142,'HyperX FURY DDR4','HyperX FURY DDR4 RGB\nHyperX® FURY DDR4 RGB1 ofrece una mejora de rendimiento y estilo con velocidades de hasta 3733MHz2, estilo audaz e iluminación RGB a lo largo del módulo para efectos más suaves y llamativos. Esta impresionante actualización de bajo costo está disponible en velocidades 2400MHz-3733MHz, latencias CL15–19, capacidades de módulo simple de 4GB-32GB y capacidades de kit de 16GB-128GB. Cuenta con overclocking automático Plug N Play a velocidades de 2400MHz y 2666MHz y es compatible tanto para Intel XMP-ready como para Ready for Ryzen. HyperX FURY DDR4 RGB mantiene fría a tu máquina con su elegante disipador de calor y de bajo consumo. 100% testeada a la velocidad publicada y con una garantía de por vida; es una actualización fácil y sin problemas para tu sistema basado en Intel o AMD.',150000,1,'image-1617667741606.jpg'),(143,'HyperX FURY DDR4 RGB','HyperX FURY DDR4 RGB\nHyperX® FURY DDR4 RGB1 ofrece una mejora de rendimiento y estilo con velocidades de hasta 3733MHz2, estilo audaz e iluminación RGB a lo largo del módulo para efectos más suaves y llamativos. Esta impresionante actualización de bajo costo está disponible en velocidades 2400MHz-3733MHz, latencias CL15–19, capacidades de módulo simple de 4GB-32GB y capacidades de kit de 16GB-128GB. Cuenta con overclocking automático Plug N Play a velocidades de 2400MHz y 2666MHz y es compatible tanto para Intel XMP-ready como para Ready for Ryzen. HyperX FURY DDR4 RGB mantiene fría a tu máquina con su elegante disipador de calor y de bajo consumo. 100% testeada a la velocidad publicada y con una garantía de por vida; es una actualización fácil y sin problemas para tu sistema basado en Intel o AMD.',60000,1,'image-1617667821449.jpg'),(144,'TEAM DELTA RGB DDR-4 32GB 3000','\nDELTA RGB DDR4 GAMING MEMORY\n3600, 3200, 3000, 2666, 2400\n\nCARACTERISTICAS\nIluminación ultra gran angular de 120 ° de fotograma completo\nEfecto de iluminación Force Flow RGB incorporado\nDisipador de calor de aleación de aluminio con diseño minimalista asimétrico\nAdmite la sincronización del software ASUS Aura Sync\nLa última PCB JEDEC RC 2.0\nVoltaje de funcionamiento ultra bajo de ahorro de energía de 1,2 V ~ 1,4 V\nAdmite la tecnología de overclocking con un solo clic XMP2.0\nQVL aprobado por todos los principales fabricantes de placas base',20000,1,'img-1617668002358.jpg'),(145,'MEMORIA RAM HP RGB V8 DDR4 8GB 3600 MHZ CL17','P/N	R009D408GX2-3600C18B\nMEMORY TYPE	DDR4\nCAPACITY	16GB Kit (8G x2)\nTESTED LATENCY	18-19-19-39\nVOLTAGE (V)	1.35 V\nSPEED	3600 MHz\nCOMPATIBILITY	Intel X299, 400, 300, 200, 100 Series\nAMD X570, B550\nMODULE TYPE	DIMM\nPERFORMANCE PROFILE	XMP 2.0 Ready\nPACKAGE CONTENT	2 x 8GB memory modules',24000,1,'image-1617668097091.jpg'),(146,'AORUS RGB DDR4 2X8GB 4400MHZ','Memoria AORUS RGB DDR4 16GB (2x8GB) 4400MHz  \nTamaño de la memoria: Kit de 16 GB (2 x 8 GB)\nFrecuencia: DDR4-4400 MHz\nDuración: 19-26-26-46 (XMP 4400MHz)\nPerfil de rendimiento: XMP 2.0\nCompatible con RGB Fusion 2.0\nDistribuidores de calor de alta eficiencia para mantener el rendimiento\nDiseño fácil de usar para una instalación más sencilla\nCertificación INTEL Z490 y AMD X570\nGarantía de por vida\nCumplir con el estándar industrial JEDEC DDR4',26000,1,'image-1617668166461.jpg'),(147,'MEMORIA RAM PNY XLR8 RGB DDR4 8GB 3200MHZ','Especificación\nTipo de memoria\nEscritorio DDR4\nTipo de canal\nUn canal solo\nFactor de forma\nDIMM (escritorio)\nCapacidad\n8GB\nVelocidad de frecuencia\n3200 MHz\nSincronización\n16-18-18\nLatencia CAS\nCL16\ntRas\n36\nVoltaje\n1,35 V\nECC\nNo\nEn búfer / registrado\nSin búfer\nSoporte XMP\nsí\nCompatibilidad de velocidad\n3200 MHz, 3000 MHz, 2933 MHz, 2800 MHz, 2666 MHz, 2400 MHz, 2133 MHz\nDimensión del módulo\n1,45 x 6,2 x 46,5 mm\nDimensión del paquete minorista\n147 x 9 x 50 mm\nCompatibilidad con SO\nWindows 10 y versiones anteriores',7600,1,'image-1617668223359.jpg'),(148,'ADATA XPG 3200MHZ GAMMIX D30 BLACK','El GAMMIX D30 presenta un diseño vanguardista\nYa sea un jugador, un aficionado a la informática o un usuario experimentado, apreciará la combinación del diseño vanguardista con forma de ala del GAMMIX D30 y las excelentes velocidades de hasta 4600 MHz. Además, cuenta con perfiles Intel® XMP 2.0 para aumentar la velocidad del reloj sin complicaciones cuando necesite un impulso adicional.\n\nDiseño vanguardista con forma de ala\nEl GAMMIX D30 presenta un diseño vanguardista con forma de ala que emana una sensación de poder y sigilo. Está recubierto de un difusor térmico gris brillante que contrasta maravillosamente con su elección de una cubierta superior translúcida roja o negra.\n\nProcesadores de calidad superior para durabilidad mejorada\nEl GAMMIX D30 está construido con chips de alta calidad seleccionados a través de un estricto proceso de filtrado. También utiliza placas de circuito impreso (PCB, Printed Circuit Board) de alta calidad que extienden efectivamente la vida útil del módulo de memoria.',8000,1,'image-1617668279026.jpg'),(149,'MOUSE A-DATA XPG INFAREX M20 RGB GAMING','Interfaz	USB Conmutador	Omron con 20 millones',3500,13,'image-1617668372900.jpg'),(150,'MOUSE A-DATA XPG PRIMER RGB GAMING','Interfaz	USB tipo A Cambiar	Omron con una cal',5320,13,'image-1617668455022.jpg'),(151,'MOUSE AORUS M4 OPTICAL','Interface USB Tracking system Gaming Optical ',4600,13,'image-1617668517836.jpg'),(152,'MOUSE CORSAIR GAMING M65 ELITE RGB FPS AJUSTA','8 DPI   18,000 DPI Sensor   PMW3391 Sensor Ty',8000,13,'image-1617668579572.jpg'),(153,'MOUSE GAMING WESDAR GM3 BLACK','MOUSE óptico para juegos Modelo: GM3 Meterial',2000,13,'image-1617668648835.jpg'),(154,'MOUSE GLORIOUS MODEL D MATTE BLACK','SENSOR  Sensor Pixart® PMW-3360  TIPO DE PIES',3300,13,'image-1617668712809.jpg'),(155,'Motherboard B450-plus Ii Asus Tuf Gaming Am4 ','MOTHER B450-PLUS II ASUS TUF GAMING AM4  DURABLE. ESTABLE. DE CONFIANZA. TUF Gaming B450-PLUS II destila elementos esenciales de la última plataforma AMD y los combina con características listas para jugar y durabilidad comprobada. Diseñada con componentes de grado militar, una solución de energía mejorada y un conjunto completo de opciones de enfriamiento, esta placa base ofrece un rendimiento sólido como una roca con una estabilidad de juego inquebrantable.  Cuando construye con una placa base TUF Gaming, también se beneficia de TUF Gaming Alliance, una colaboración de ASUS con socios industriales confiables que garantiza una construcción más fácil, la mejor compatibilidad y una estética complementaria desde los componentes hasta la carcasa.  RENDIMIENTO SÓLIDO COMO UNA ROCA Con una entrega de energía mejorada y opciones de enfriamiento integrales para alimentar las últimas CPU AMD Ryzen, además de soporte para una memoria y almacenamiento más rápidos, TUF Gaming B450-PLUS II es la base perfecta para su próxima plataforma de batalla de alto número de núcleos.  DrMOS El VRM integrado de TUF Gaming B450-PLUS II utiliza 8 + 2 etapas de potencia DrMOS que combinan controladores y MOSFET de lado alto y lado bajo en un solo paquete, brindando la potencia y eficiencia que exigen los procesadores AMD Ryzen de tercera generación.',14000,4,'img-1617744425622.jpg'),(156,'MOTHER (AM4) ASUS ROG CROSSHAIR VIII DARK HER','UPC  Zócalo AMD AM4 para procesadores de escritorio AMD Ryzen ™ 5000 Series / 4000 G-Series / 3000 Series / 3000 G-Series / 2000 Series / 2000 G-Series * Consulte www.asus.com para ver la lista de soporte de CPU Chipset  AMD X570 Memoria  4 x DIMM, máx. 128 GB, DDR4 4866 (OC) / 4800 (OC) / 4600 (OC) / 4400 (OC) / 4333 (OC) / 4266 (OC) / 4133 (OC) / 4000 (OC) / 3866 (OC) / 3800 ( OC) / 3600 (OC) / 3466 (OC) / 3400 (OC) / 3200/3000/2933/2800/2666/2400 (OC) / 2133 MHz No ECC, memoria sin búfer 4 x DIMM, máx. 128 GB, DDR4 5100 (OC) / 5000 (OC) / 4866 (OC) / 4800 (OC) / 4600 (OC) / 4400 (OC) / 4333 (OC) / 4266 (OC) / 4133 (OC) / 4000 ( OC) / 3866 (OC) / 3600 (OC) / 3466 (OC) / 3400 (OC) / 3200/3000/2933/2800/2666/2400/2133 MHz No ECC, memoria sin búfer 4 x DIMM, máx. 128 GB, DDR4 3600 (OC) / 3466 (OC) / 3200/3000 (OC) / 2933/2800/2666/2400/21333 MHz No ECC, memoria sin búfer 4 x DIMM, máx. 128 GB, DDR4 3200/3000 (OC) / 2933/2800/2666/2400/2133 MHz No ECC, memoria sin búfer Procesadores de escritorio AMD Ryzen ™ 4000 serie G Procesadores AMD Ryzen TM serie 2000 Arquitectura de memoria de doble canal La compatibilidad con la memoria ECC (modo ECC) varía según la CPU. * Consulte www.asus.com para obtener la memoria QVL (listas de proveedores calificados). Soporte Multi GPU  Procesadores de escritorio AMD Ryzen ™ serie 5000/4000 serie G / serie 3000 / serie 2000 > Procesadores de escritorio AMD Ryzen ™ 3000 G-Series / 2000 G-Series Admite la tecnología NVIDIA 2-Way SLI® Admite la tecnología AMD 3-Way CrossFireX ™ Admite la tecnología AMD 2-Way CrossFireX ™ Slots de Expansión  Procesadores de escritorio AMD Ryzen ™ serie 5000 / serie 3000 Procesadores AMD Ryzen TM 4000 G-Series / 2000 Series Procesadores AMD Ryzen TM 3000 G-Series / 2000 G-Series 2 x PCIe 4.0 x16 (x16 o doble x8) 2 x PCIe 3.0 x16 (x16 o doble x8) 1 x PCIe 3.0 x16 (modo x8) Conjunto de chips AMD X570 1 x PCIe 4.0 x16 1 x PCIe 4.0 x1 Almacenamiento',55000,4,'image-1617744525628.jpg'),(157,'MOTHER (AM4) ASUS PRIME B550M-K','Placa base micro ATX AMD B550 (Ryzen AM4) con doble M.2, PCIe 4.0, Ethernet de 1 Gb, HDMI / D-Sub / DVI, SATA 6 Gbps, USB 3.2 Gen 2 Tipo A Zócalo AMD AM4: listo para AMD Ryzen ™ de tercera generación y AMD Ryzen ™ de tercera generación con procesadores gráficos Radeon ™ Refrigeración completa: disipador de calor PCH y Fan Xpert 2+ Conectividad ultrarrápida : Dual M.2, PCIe 4.0, Ethernet de 1 Gb, USB 3.2 Gen 2 Type-A 5X Protection III: múltiples protecciones de hardware para la protección integral del sistema   CPU Build in AMD AM4 Socket for 3rd Gen AMD Ryzen™ and 3rd Gen AMD Ryzen™ with Radeon™ Graphics Processors * * Refer to www.asus.com for CPU support list Chipset AMD B550 Memory 3rd Gen AMD Ryzen™ Processors 4 x DIMM, Max. 128GB, DDR4 4600(O.C)/4400(O.C)/4266(O.C.)/4133(O.C.)/4000(O.C.)/3866(O.C.)/3733(O.C.)/3600(O.C.)/3466(O.C.)/3333(O.C.)/3200/3000/2800/2666/2400/2133 MHz Un-buffered Memory * 3rd Gen AMD Ryzen™ with Radeon™ Graphics Processors 4 x DIMM, Max. 128GB, DDR4 4800(O.C.)/4600(O.C)/4466(O.C.)/4400(O.C)/4266(O.C.)/4133(O.C.)/4000(O.C.)/3866(O.C.)/3733(O.C.)/3600(O.C.)/3466(O.C.)/3333(O.C.)/3200/3000/2800/2666/2400/2133 MHz Un-buffered Memory * Dual Channel Memory Architecture ECC Memory (ECC mode) support varies by CPU. * Refer to www.asus.com for the Memory QVL (Qualified Vendors Lists). Graphic 1 x D-Sub 1 x DVI-D 1 x HDMI 2.1(4K@60HZ) *Graphics specifications may vary between CPU types. Expansion Slots 3rd Gen AMD Ryzen™ Processors 1 x PCIe 4.0 x16 (x16 mode) 3rd Gen AMD Ryzen™ with Radeon™ Graphics Processors 1 x PCIe 3.0 x16 (x16 mode) AMD B550 Chipset 2 x PCIe 3.0 x1 Storage Total supports 2 x M.2 slot(s) and 4 x SATA 6Gb/s ports 3rd Gen AMD Ryzen™ Processors : 1 x M.2_1 socket 3, with M Key, Type 2242/2260/2280/22110(PCIE 4.0 x4 and SATA modes) storage devices support 3rd Gen AMD Ryzen™ with Radeon™ Graphics Processors : 1 x M.2_1 socket 3, with M Key, Type 2242/2260/2280/22110(PCIE 3.0 x4 and SATA modes) storage devices support AMD B550 Chips',14000,4,'image-1617744578813.jpg'),(158,'MOTHER (AM4) B550 AORUS ELIT V2','Placa base AMD B550 AORUS con VRM digital real de 12 + 2 fases, disipadores de calor de superficie agrandados, ranura PCIe 4.0 x16, PCIe 4.0 / 3.0 x4 M.2 dual con un protector térmico, LAN de 2.5GbE, RGB FUSION 2.0, Q-Flash Plus  Admite AMD Ryzen ™ 5000 Series / 3rd Gen Ryzen ™ y 3rd Gen Ryzen ™ con procesadores gráficos Radeon ™ DDR4 sin búfer ECC / no ECC de doble canal, 4 DIMM Diseño Digital Twin Power de 12 + 2 fases con DrMOS de 50 A Diseño térmico avanzado con disipadores de calor de superficie agrandados Ranura Ultra Durable ™ PCIe 4.0 x16 NVMe PCIe 4.0 / 3.0 x4 M.2 ultrarrápido dual con un protector térmico Audio AMP-UP con condensadores ALC1200 y WIMA LAN de 2,5 GbE ultrarrápida con gestión de ancho de banda USB frontal 3.2 Gen1 Type-C ™ y DisplayPort y HDMI para múltiples pantallas RGB FUSION 2.0 admite tiras de LED direccionables y RGB Smart Fan 5 cuenta con múltiples sensores de temperatura, cabezales de ventilador híbridos con FAN STOP Q-Flash Plus actualiza el BIOS sin instalar la CPU, la memoria y la tarjeta gráfica IO Shield preinstalado para una instalación fácil y rápida',23000,4,'image-1617744622556.jpg'),(159,'MOTHER (AM4) GIGABYTE GA-A320M-H','Soporta AMD 3rd Gen Ryzen ™ / 2nd Gen Ryzen ™ / 1st Gen Ryzen ™ / 2nd Gen Ryzen ™ con Radeon ™ Vega Graphics / 1st Gen Ryzen ™ con Radeon ™ Vega Graphics / Athlon ™ con Radeon ™ Vega Graphics / 7th Gen A-series / Procesadores Athlon X4 DDR4 sin búfer no ECC de doble canal, 2 DIMM PCIe Gen3 x4 M.2 ultrarrápido con compatibilidad con modo PCIe NVMe y SATA Condensadores de audio de alta calidad y protector de ruido de audio Realtek ®  Gigabit LAN con software acelerador de Internet cFosSpeed Smart Fan 5 cuenta con 5 sensores de temperatura y 2 cabezales de ventilador híbridos BIOS UEFI GIGABYTE ™ Centro de aplicaciones completamente nuevo de GIGABYTE ™, uso sencillo y fácil',9000,4,'image-1617744665388.jpg'),(160,'MOTHER (AM4) GIGABYTE B550M - H','Placa base AMD B550 ultra duradera con solución VRM digital pura, LAN para juegos GIGABYTE con gestión de ancho de banda, PCIe 4.0 / 3.0 x4 M.2, RGB FUSION 2.0, Smart Fan 5, Q-Flash Plus, diseño de resistencias anti-azufre    Admite AMD Ryzen ™ 5000 Series / 3rd Gen Ryzen ™ y 3rd Gen Ryzen ™ con procesadores gráficos Radeon ™ DDR4 sin búfer ECC / no ECC de doble canal, 2 DIMM Solución VRM digital pura de 4 + 3 fases con MOSFET de bajo RDS (activado) Ranura Ultra Durable ™ PCIe 4.0 Ready x16 Conector NVMe PCIe 4.0 / 3.0 M.2 ultrarrápido LAN para juegos 8118 exclusiva de GIGABYTE con gestión de ancho de banda Condensadores de audio de alta calidad y protector de ruido de audio con iluminación de trayectoria de seguimiento LED RGB FUSION 2.0 admite tiras de LED direccionables y RGB Smart Fan 5 cuenta con múltiples sensores de temperatura, cabezales de ventilador híbridos con FAN STOP Q-Flash Plus actualiza el BIOS sin instalar la CPU, la memoria y la tarjeta gráfica Diseño de resistencias anti-azufre',9000,4,'image-1617744724433.jpg'),(161,'MOTHER (AM4) GIGABYTE B450M DS3H WIFI','AMD B450 Ultra Durable Motherboard with Realtek® GbE LAN with cFosSpeed, PCIe Gen3 x4 M.2, RGB FUSION 2.0, Intel® Dual Band 802.11ac WIFI, CEC 2019 ready   Supports AMD Ryzen™ 5000 series/ 3rd Gen Ryzen™/ 2nd Gen Ryzen™/ 1st Gen Ryzen™/ 2nd Gen Ryzen™ with Radeon™ Vega Graphics/ 1st Gen Ryzen™ with Radeon™ Vega Graphics/ Athlon™ with Radeon™ Vega Graphics Processors Dual Channel Non-ECC Unbuffered DDR4, 4 DIMMs Intel® Dual Band 802.11ac WIFI & BT 4.2 Ultra-Fast PCIe Gen3 x4 M.2 with PCIe NVMe & SATA mode support High Quality Audio Capacitors and Audio Noise Guard Design RGB FUSION 2.0 with Addressable RGB & RGB LED Strips Support Realtek® Gigabit LAN with cFosSpeed Internet Accelerator Software Smart Fan 5 Features 5 Temperature Sensors and 2 Hybrid Fan Headers with FAN STOP APP Center Including EasyTune™ and Cloud Station™ Utilities CEC 2019 Ready, Save Power with a Simple Click',16000,4,'image-1617744776088.jpg'),(162,'MOTHER (AM4) GIGABYTE B450M - DS3H V2','Procesador AM4 Socket Supports AMD Ryzen™ 5000 series / 3rd Gen Ryzen™/ 2nd Gen Ryzen™/ 1st Gen Ryzen™/ 2nd Gen Ryzen™ with Radeon™ Vega Graphics/ 1st Gen Ryzen™ with Radeon™ Vega Graphics/ Athlon™ with Radeon™ Vega Graphics Processors (Por favor, acuda a \"lista de soporte de CPU\" para más información.) Chipset AMD B450 Memoria 4 x DDR4 DIMM sockets supporting up to 128 GB (32 GB single DIMM capacity) of system memory Arquitectura de memoria Dual Channel Support for DDR4 3600(O.C.)/3466(O.C.)/3200(O.C.)/2933/2667/2400/2133 MHz memory modules Soporte para módulos de memoria ECC Un-buffered UDIMM 1Rx8/2Rx8 (operando en modo no-ECC) Soporte para módulos de memoria non-ECC Un-buffered DIMM 1Rx8/2Rx8 Soporte para módulos de memoria Extreme Memory Profile (XMP) (Por favor diríjase a la \"Lista de memorias soportadas\" para más información.) Gráfica Integrada Procesador gráfico integrado 1 x DVI-D port, supporting a maximum resolution of 1920x1200@60 Hz * The DVI-D port does not support D-Sub connection by adapter. 1 x HDMI port, supporting a maximum resolution of 4096x2160@60 Hz(Note) * Support for HDMI 2.0 version and HDCP 2.2.(Note) Maximum shared memory of 16 GB (Note) Actual support may vary by CPU. Audio Realtek® ALC887 codec Audio de alta definición 2/4/5.1/7.1-channel * To configure 7.1-channel audio, you need to open the audio software and select Device advanced settings > Playback Device to change the default setting first. Please visit GIGABYTE\'s website for details on configuring the audio software. Soporte para salida S / PDIF LAN Realtek® GbE LAN chip (1000/100 Mbit) Zócalos de Expansión 1 x PCI Express x16, a x16 (PCIEx16)(Note) * Para un rendimiento óptimo, aunque sea con una única tarjeta gráfica PCI Express instalada, asegúrese de conectarla en la ranura PCIEx16. (La ranura PCIEX16 cumple el estándar PCI Express 3.0.) 1 x PCI Express x16, a x4 (PCIEX4) 1 x ranura PCI Express x1 (Las ranuars PCIEX4 y PCI Express x1 cumplen el estándar PCI Express 2.0.) (Note',23000,4,'image-1617744884615.jpg'),(163,'MOTHER 1151 MSI H310M-PRO VDH','Soporta procesadores 8va Gen Intel® Core™ / Pentium® Gold/ Celeron® para socket LGA 1151  Soporta memoria DDR4 hasta 2666MHz Audio Boost: Gratifica tus oídos con el sonido con calidad de estudio. EZ Debug LED: La manera más fácil de resolver problemas. PCI-E Steel Armor: Protege las tarjetas VGA contra torceduras y EMI para mejor desempeño, estabilidad y fortaleza. X-Boost: Software que detecta automáticamente y permite impulsar el desempeño de cualquier dispositivo de almacenamiento o USB. Core Boost: Con formato premium y diseño energético totalmente digital, soporta más núcleos y ofrece mejor desempeño.',12999,4,'image-1617744938356.jpg'),(164,'MOTHER 1151 ASUS PRIME B365M-A SOPORTA 8° Y 9','UPC Intel® Socket 1151 para 9 º / 8 º Generación Core ™ i7 / Core ™ i5 / Core ™ i3 / Pentium® / Celeron® procesadores Soporta Intel® 14 CPU nm Soporta Intel® Turbo Boost Tecnología 2,0 * El Boost tecnología Intel® Turbo 2.0 el soporte depende de los tipos de CPU. * Consulte www.asus.com para ver la lista de soporte de CPU Chipset Intel® B365 Memoria Conjunto de chips Intel® B365 4 x DIMM, máx. 64 GB, DDR4 2666/2400/2133 MHz Memoria no ECC, sin búfer Arquitectura de memoria de doble canal Compatible con Intel® Extreme Memory Profile (XMP) * Consulte www.asus.com para obtener la memoria QVL (listas de proveedores calificados). * La frecuencia de memoria máxima admitida varía según el procesador ** Los módulos de memoria DDR4 2666MHz y superiores funcionarán al máximo. 2666MHz en procesadores Intel® de 8.a generación de 6 núcleos o superiores. Gráfico Procesador de gráficos integrado: soporte de gráficos Intel® HD Soporte de salida Multi-VGA: puertos HDMI / DVI-D / D-Sub : admite HDMI 1.4b con máx. resolución 4096 x 2160 @ 30 Hz - Admite DVI con máx. resolución 1920 x 1200 a 60 Hz - Admite D-sub con máx. resolución 1920 x 1200 a 60 Hz Memoria compartida máxima de 1024 MB (para iGPU exclusivamente) Compatible con Intel® InTru ™ 3D, Quick Sync Video, tecnología Clear Video HD, Insider ™ Ranuras de expansión 1 x PCIe 3.0 x16 (modo x16) 2 x PCIe 3.0 / 2.0 x1 Almacenamiento Conjunto de chips Intel® B365: 1 x M.2 Socket 3, con tecla M, tipo 2242/2260/2280 Compatibilidad con dispositivos de almacenamiento (modo SATA y PCIE 3.0 x 4) 1 x M.2 Socket 3, con tecla M, tipo Compatibilidad con dispositivos de almacenamiento 2242/2260/2280 (modo PCIE 3.0 x 4) 6 puertos SATA 6Gb / s, gris Soporte Raid 0, 1, 5, 10 Intel® Rapid Storage Technology es compatible con Intel® Optane ™ Memory Ready LAN Realtek® RTL8111H, 1 x Gigabit LAN ASUS LAN Guard Audio Realtek® ALC887 CODEC de audio de alta definición de 8 canales - Soporta: Detección de jack, panel frontal con re-tarea de jack Caracterís',11000,4,'image-1617744987084.jpg'),(165,'MOTHER 1151 GIGABYTE H310M DS2 2.0','CPU Intel® Socket 1200 for 10th Gen Intel® Core™, Pentium® Gold and Celeron® Processors * Supports Intel® 14 nm CPU Supports Intel® Turbo Boost Technology 2.0 and Intel® Turbo Boost Max Technology 3.0** * Refer to www.asus.com for CPU support list **Intel® Turbo Boost Max Technology 3.0 support depends on the CPU types. Chipset Intel® H410 Memoria 2 x DIMM, Max. 64GB, DDR4 2933/2800/2666/2400/2133 MHz Non-ECC, Un-buffered Memory * Dual Channel Memory Architecture Supports Intel® Extreme Memory Profile (XMP) OptiMem * 10th Gen Intel® Core™i9/i7 CPUs support 2933/2800/2666/2400/2133 natively, Refer to www.asus.com for the Memory QVL (Qualified Vendors Lists).   Gráficos Integrated Graphics Processor * 1  x D-Sub 1  x HDMI 1.4b *Graphics specifications may vary between CPU types. Slots de Expansión Intel® 10th Gen Processors 1 x PCIe 3.0 x16 (x16 mode) Intel® H410 Chipset 2 x PCIe 3.0 x1 Almacenamiento Total supports 1 x M.2 slots and 4 x SATA 6Gb/s ports Intel® H410 Chipset : 1 x M.2 Socket 3, with M Key, type 2242/2260/2280 storage devices support (SATA & PCIE 3.0 X2 mode)*1 4 x SATA 6Gb/s port(s)',13000,4,'image-1617745040146.jpg'),(166,'MOTHER 1200 ASUS PRIME H410M-A/CSM 10 GEN','Procesador Support for 9th and 8th Generation Intel® Core™ i9 processors/ Intel® Core™ i7 processors/ Intel® Core™ i5 processors/ Intel® Core™ i3 processors/ Intel® Pentium® processors/ Intel® Celeron® processors in the LGA1151 package Caché L3 varía según la CPU (Por favor, acuda a \"lista de soporte de CPU\" para más información.) Chipset Intel® H310 Express Chipset Memoria 2 x DDR4 DIMM sockets con soporte de hasta 32 GB de memoria del sistema Arquitectura de memoria Dual Channel Support for DDR4 2666/2400/2133 MHz memory modules Soporte para módulos de memoria ECC Un-buffered UDIMM 1Rx8/2Rx8 (operando en modo no-ECC) Soporte para módulos de memoria non-ECC Un-buffered DIMM 1Rx8/2Rx8 Soporte para módulos de memoria Extreme Memory Profile (XMP) * To support 2666 MHz or XMP memory, you must install an 8th Generation Intel® Core™ i7/i5 processor. (Por favor, consulte la \"Lista de Soporte de Memoria\" para más información.) Gráfica Integrada Procesador gráfico integrado – Soporte Intel® HD Graphics 1 x puerto D-Sub, con una resolución máxima de 1920x1200@60 Hz Máxima memoria compartida: 1 GB. Audio Realtek® ALC887 codec Audio de alta definición 2/4/5.1/7.1-channel Soporte para salida S / PDIF * Para configurar el audio de 7.1 canales, tiene que utilizar un módulo frontal de audio HD y activar la función de múltiples canales de audio a través del controlador de audio. LAN Chip Realtek® GbE LAN (10/100/1000 Mbit) Zócalos de Expansión 1 x PCI Express x16, funcionando a x16 (La ranura PCIEX16 cumple el estándar PCI Express 3.0.) 2 x ranuras PCI Express x1  (Las ranuras PCI Express x1 cumplen con el estándar PCI Express 2.0.) Interfaz de almacenamiento Chipset',17000,4,'image-1617745114141.jpg'),(167,'DISCO HDD 2TB SATA3 64M SEAGATE BARRACUDA','General Capacidad	2TB Dimensiones	100.5mm X 69.85mm X 7.0 Mm Conector	SATA 6Gbps Vida Util	Hasta 20.000 Horas Caracteristicas Factor De Forma	3.5\" Consumo Max.	No Especifica Consumo En Reposo	No Especifica Consumo Promedio	No Especifica Temperatura En Servicio	De 0ºC A 60ºC Lectura Y Escritura Velocidad Lect. Secuencial	1.7 W Velocidad Esc. Secuencial	Hasta 1.8 W',7800,3,'image-1617745250336.jpg'),(168,'DISCO HDD 3TB SATA3 64M SEAGATE BARRACUDA','Marca	Asus Línea	TUF Modelo	FX506L Memoria RAM	8 GB Capacidad del disco rígido	8 GB Capacidad del SSD	256 GB Resolución de la pantalla	1920X1080 GPU	NVIDIA GeForce GTX 1650Ti Marca del procesador	Intel Línea del procesador	Core i5 Capacidad Optane	0 GB Frecuencia de actualización de la pantalla	60 Hz',12200,3,'image-1617745342521.jpg'),(169,'HDD 2 TB SATA3.5 64MB WD BLUE','Marca Asus Línea TUF Modelo FX506L Memoria RAM 8 GB Capacidad del disco rígido 8 GB Capacidad del SSD 256 GB Resolución de la pantalla 1920X1080 GPU NVIDIA GeForce GTX 1650Ti Marca del procesador Intel Línea del procesador Core i5 Capacidad Optane 0 GB Frecuencia de actualización de la pantalla 60 Hz',12000,3,'image-1617745477823.jpg'),(170,'SSD 240GB PNY CS900','Aplicaciones SSD convencional para actualización de PC Reemplazo de disco duro rentable para un mejor rendimiento general Características y Beneficios Lectura secuencial de hasta 535 MB / sy escritura de hasta 500 MB / s Arranque más rápido y lanzamiento de aplicaciones más rápido Mejor rendimiento general del sistema Almacenamiento confiable Bajo consumo de energía, funcionamiento fresco y silencioso. Caracteristicas Capacidad	240 GB Número de pieza	SSD7CS900-240-RB Factor de forma	2,5 pulgadas Altura	7 mm Interfaz	SATA-III 6 Gb / s; compatible con versiones anteriores de SATA-II 3Gb / s Velocidad máxima de lectura secuencial	535 MB / s Velocidad máxima de escritura secuencial	500 MB / s',15000,3,'img-1617745594011.jpg'),(171,'SSD 250GB TEAM FORCE DELTA RGB','ELTA RGB SSD (5 V) 1 TB, 500 GB, 250 GB  CARACTERISTICAS El área RGB luminosa más grande con una relación de 5: 3 16,8 millones de colores RGB con efecto de iluminación de colores mezclados configurable El efecto de iluminación se puede sincronizar con la placa base que tiene un encabezado ADD de 5 V Velocidad de lectura / escritura de hasta 560 MB / s. 4 veces más rápido que el disco duro tradicional Disco duro de 2,5 pulgadas con 9,5 mm de altura Admite tecnología SMART Soporte TRIM Tres años de garantía del producto con servicio de soporte técnico gratuito. PATENTE de utilidad china (número: CN 207676655 U)',8000,3,'image-1617745659004.jpg'),(172,'SSD 480GB WD GREEN',' Rendimiento mejorado para la informática del día a día Con la mejora del rendimiento del SSD WD Green SATA, puede navegar por internet, jugar o, simplemente, arrancar su sistema en un instante.  Fiabilidad de estado sólido Ligeros y resistentes a los golpes, los SSD WD Green no tienen piezas móviles y ayudan a proteger sus datos frente a golpes o caídas accidentales.  Menos consumo. Más diversión. Los SSD WD Green son de los discos que menos energía consumen del sector. Y cuando consume menos energía, su ordenador portátil funciona más tiempo.  Una actualización fácil para su ordenador Compatible con la mayoría de ordenadores de sobremesa y portátiles, los SSD WD Green están disponibles en formatos de 2,5 pulgadas / 7 mm y en los modelos M.2 2280 para instalarlos de forma sencilla y sin preocupaciones.  Panel de control SSD de WD descargable y software Acronis Supervise el estado de su disco con el Panel de control WD SSD gratuito y descargable, y clone discos con el software Acronis® True Image™ WD Edition   ',10000,3,'image-1617745729848.jpg'),(173,'SILLA GAMER AUREOX G600 NEGRA Y BLANCO','Descripción - Marcos internos de acero robustos. - Tapizado de cuero sintético PU de alta calidad. - Ergonomía y comodidad en el mismo diseño. - Sistema de sujeción en espalda y piernas. - Respaldo reclinable con posición desde 90ª hasta 160ª - Altura regulable - Almohadilla apoya cabeza (Removible) - Almohadilla apoya lumbar (Ajustable) - Apoyabrazos regulables en altura y ángulo horizontal. - Amortiguador a gas Clase 3. - Base de 5 ruedas Nylon alto impacto. - Materiales lavables mediante microfibra húmeda - Peso máximo 125Kg.',44000,17,'image-1617750321488.jpg'),(174,'SILLA GAMER THUNDERX3 TC5 EMBER RED',' Modelo	TC5 Peso máximo	<150 kg / 330 libras Peso recomendado	<125 kg / 275 libras Tipo de espuma 	Látex + Espuma de alta densidad Tipo de marco	Acero  Apoyabrazos regulables	Sí, tridireccional Respaldo regulable	Sí, 90 ° - 180 ° Tipo de mecanismo	Mecanismo de mariposa Mecanismo de balanceo 	Sí, 3 ° - 18 ° Clase y altura de elevación de gas	Nivel 4 probado por BIFMA, máx. 100 mm Tamaño y tipo de base	Base de acero de 350 mm Tamaño y material de la rueda	Rueda de nailon de 65 mm Material de la cubierta	Cuero sintético con dibujo de carbono Dimensión total (W x D x H)	 66 x 70 x 125-135 cm 26 x 27,5 x 49,2-53,1 pulgadas',78000,17,'image-1617750368463.jpg'),(175,'SILLA GAMER WESDAR K1098Z BLUE','Soporta hasta 150 kg Basculante Altura regulable por sistema neumático Almohada lumbar Ruedas de 2” de PVC de alta densidad Función de giro 360 grados Material: PU+PVC',28000,17,'image-1617750435757.jpg'),(176,'SILLA GAMER WESDAR K1098Z GREEN','Soporta hasta 150 kg Basculante Altura regulable por sistema neumático Almohada lumbar Ruedas de 2” de PVC de alta densidad Función de giro 360 grados Material: PU+PVC',29000,17,'image-1617750477714.jpg'),(177,'SILLA GAMER WESDAR K1098Z RED','Soporta hasta 150 kg Basculante Altura regulable por sistema neumático Almohada lumbar Ruedas de 2” de PVC de alta densidad Función de giro 360 grados Material: PU+PVC',27000,17,'image-1617750530767.jpg'),(178,'SILLA GAMER CORSAIR T1 RACE BLACK / RED','GRAN DURACIÓN Estructura de acero sólido con cojín de espuma densa.    FLEXIBLE Reposabrazos de movimiento 4D.    AJUSTABLE Asiento con altura ajustable.    RELAJADA Respaldo reclinable.    CENTRADA Función de inclinación con bloqueo.    SUAVE Ruedas orientables de nylon.',78000,17,'image-1617750580283.jpg'),(179,'SILLA GAMER CORSAIR T1 RACE BLACK / BLACK','GRAN DURACIÓN Estructura de acero sólido con cojín de espuma densa.    FLEXIBLE Reposabrazos de movimiento 4D.    AJUSTABLE Asiento con altura ajustable.    RELAJADA Respaldo reclinable.    CENTRADA Función de inclinación con bloqueo.    SUAVE Ruedas orientables de nylon.',67000,17,'image-1617750627174.jpg');
/*!40000 ALTER TABLE `products` ENABLE KEYS */;
UNLOCK TABLES;

--
-- Table structure for table `users`
--

DROP TABLE IF EXISTS `users`;
/*!40101 SET @saved_cs_client     = @@character_set_client */;
/*!40101 SET character_set_client = utf8 */;
CREATE TABLE `users` (
  `id` int(11) NOT NULL AUTO_INCREMENT,
  `email` varchar(45) NOT NULL,
  `password` varchar(300) NOT NULL,
  `group_id` int(11) DEFAULT NULL,
  `imagen` varchar(200) NOT NULL,
  PRIMARY KEY (`id`),
  UNIQUE KEY `email_UNIQUE` (`email`),
  KEY `fk_users_groups_idx` (`group_id`),
  CONSTRAINT `fk_users_groups` FOREIGN KEY (`group_id`) REFERENCES `groups` (`id`)
) ENGINE=InnoDB AUTO_INCREMENT=72 DEFAULT CHARSET=utf8mb4;
/*!40101 SET character_set_client = @saved_cs_client */;

--
-- Dumping data for table `users`
--

LOCK TABLES `users` WRITE;
/*!40000 ALTER TABLE `users` DISABLE KEYS */;
INSERT INTO `users` VALUES (1,'thowgill0@gmpg.org','Ll2ih5vYb',NULL,''),(2,'ydoget1@oaic.gov.au','vSmY46KCG3',NULL,''),(3,'jshaefer2@bbc.co.uk','aX84hNFIrwDX',NULL,''),(4,'ngwinn3@sphinn.com','xiuU5Rtx',NULL,''),(5,'igonsalvo4@unc.edu','9vgz8Q',NULL,''),(6,'hmeaton5@google.es','cLOKj1j',NULL,''),(7,'sdenning6@parallels.com','HNmDnp6',NULL,''),(8,'bdowe7@bing.com','jNhQP4Up',NULL,''),(9,'ystandage8@tiny.cc','WJkxaN3VP6c',NULL,''),(10,'acarlino9@engadget.com','f2wnXw',NULL,''),(11,'mjilkesa@nymag.com','huHncOwW',NULL,''),(12,'bbrownbridgeb@hud.gov','5ZToW49AZd',NULL,''),(13,'cculchethc@bloglines.com','LLmEq6s6',NULL,''),(14,'keffordd@networksolutions.com','a06dMsaU4p',NULL,''),(15,'egilfoye@house.gov','Jw927UHWnDcs',NULL,''),(16,'sdeethf@g.co','PV1NAFsvwdN',NULL,''),(17,'lswinnardg@globo.com','qpNweVW8iF',NULL,''),(18,'preefh@cloudflare.com','Dlgbj6Qr6L',NULL,''),(19,'hrenneyi@timesonline.co.uk','VNrne6L7tm',NULL,''),(20,'hfranktonj@digg.com','z37AkSK8MC6k',NULL,''),(21,'lvenmorek@over-blog.com','n5erZZLOR',NULL,''),(22,'rgonetl@mayoclinic.com','AmO2pgQ',NULL,''),(23,'crewcastlem@illinois.edu','bTbifzP',NULL,''),(24,'cbebbingtonn@vistaprint.com','HLPvnJvR',NULL,''),(25,'pmoffato@cbc.ca','XOPQvHI',NULL,''),(26,'dmagowanp@bizjournals.com','plmZ07ur8',NULL,''),(27,'abarrowcliffeq@seattletimes.com','Dl4sldeq',NULL,''),(28,'gmyfordr@dailymail.co.uk','UopHGUFA',NULL,''),(29,'rvarnalss@goodreads.com','dBH2YcEzzq',NULL,''),(30,'lmilburnet@jugem.jp','nEtNTFgK0Gmo',NULL,''),(31,'cdavioudu@eventbrite.com','pU2shR',NULL,''),(32,'rgrishechkinv@si.edu','tjNxSUipt',NULL,''),(33,'kmidghallw@yelp.com','kbpBdmf49ncz',NULL,''),(34,'lbullentx@shareasale.com','95wnfnIF3',NULL,''),(35,'mconneauy@guardian.co.uk','ocHYES',NULL,''),(36,'kpellingtonz@slideshare.net','rTmGV2',NULL,''),(37,'rterrill10@google.pl','hZtBf2p5S3M',NULL,''),(38,'tmackaig11@google.co.uk','FncSO59j4',NULL,''),(39,'phugonin12@amazon.de','k2ul8fe6',NULL,''),(40,'mheenan13@uol.com.br','bhfN8FH',NULL,''),(41,'dwestpfel14@rambler.ru','5thPhpI',NULL,''),(42,'kscadden15@wufoo.com','JuG4zMxYwxo',NULL,''),(43,'dstores16@naver.com','hbeqR7fFb',NULL,''),(44,'fcraster17@paypal.com','nRdNle',NULL,''),(45,'ctipens18@answers.com','8C0uao75sc',NULL,''),(46,'kpieper19@vimeo.com','zspDi0oZ0eP',NULL,''),(47,'lhebson1a@msu.edu','9q7425',NULL,''),(48,'jmcsperron1b@cdc.gov','h40Lq5tmjmN',NULL,''),(49,'bdevin1c@squidoo.com','o2p1es',NULL,''),(50,'abarnewall1d@free.fr','BjPOuypWwHuC',NULL,''),(51,'jiguastello@hotmail.com','$2b$10$YzFXGYJKBseMHPnqb9R/hud7ow9A7CN29K07sk0d5yfgNmHFsidLm',1,''),(52,'silvestrenovarohueyo@gmail.com','$2b$10$G8l.JAUyqwRrgQdUxbNI9e/Hso1izhomMumWweQKwRoL6znHANQKC',1,''),(70,'silvestrrohueyo@gmail.com','$2b$10$an04RH1CacsMPql2YpvNK.tkfxPsGlji4XIi9SoXsb33R6Q15Ht/a',1,''),(71,'si3ohueyo@gmail.com','$2b$10$50PzZBazANb1m3sgJ0VLU.lg./uG22d1ek/IpECzWYt5ZiNAfbuI6',1,'');
/*!40000 ALTER TABLE `users` ENABLE KEYS */;
UNLOCK TABLES;

--
-- Table structure for table `users_products_edited`
--

DROP TABLE IF EXISTS `users_products_edited`;
/*!40101 SET @saved_cs_client     = @@character_set_client */;
/*!40101 SET character_set_client = utf8 */;
CREATE TABLE `users_products_edited` (
  `id` int(11) NOT NULL AUTO_INCREMENT,
  `products_id` int(11) DEFAULT NULL,
  `users_id` int(11) DEFAULT NULL,
  PRIMARY KEY (`id`),
  CONSTRAINT `fk_products_id` FOREIGN KEY (`id`) REFERENCES `products` (`id`),
  CONSTRAINT `fk_users_id` FOREIGN KEY (`id`) REFERENCES `users` (`id`)
) ENGINE=InnoDB DEFAULT CHARSET=utf8mb4;
/*!40101 SET character_set_client = @saved_cs_client */;

--
-- Dumping data for table `users_products_edited`
--

LOCK TABLES `users_products_edited` WRITE;
/*!40000 ALTER TABLE `users_products_edited` DISABLE KEYS */;
/*!40000 ALTER TABLE `users_products_edited` ENABLE KEYS */;
UNLOCK TABLES;
/*!40103 SET TIME_ZONE=@OLD_TIME_ZONE */;

/*!40101 SET SQL_MODE=@OLD_SQL_MODE */;
/*!40014 SET FOREIGN_KEY_CHECKS=@OLD_FOREIGN_KEY_CHECKS */;
/*!40014 SET UNIQUE_CHECKS=@OLD_UNIQUE_CHECKS */;
/*!40101 SET CHARACTER_SET_CLIENT=@OLD_CHARACTER_SET_CLIENT */;
/*!40101 SET CHARACTER_SET_RESULTS=@OLD_CHARACTER_SET_RESULTS */;
/*!40101 SET COLLATION_CONNECTION=@OLD_COLLATION_CONNECTION */;
/*!40111 SET SQL_NOTES=@OLD_SQL_NOTES */;

-- Dump completed on 2021-04-07 13:51:05
